"","iso_3","iso_2","continent","country","1980","1981","1982","1983","1984","1985","1986","1987","1988","1989","1990","1991","1992","1993","1994","1995","1996","1997","1998","1999","2000","2001","2002","2003","2004","2005","2006","2007","2008","2009","2010","2011","2012","2013","2014","2015","2016","2017","2018","2019","2020","2021","2022","2023","2024","2024_min","Joined the Pillar Two Statement","2024_IIR","2024_UTPR","2024_QDMTT"
"1","ABW","AW","NO","Aruba",NA,NA,NA,NA,NA,NA,NA,NA,NA,NA,NA,NA,NA,NA,NA,NA,NA,NA,NA,NA,49.451,49.45,49.45,35,35,35,35,28,28,28,28,28,28,28,28,28,25,25,25,25,25,25,25,22,22,22,"No",NA,NA,NA
"2","AFG","AF","AS","Afghanistan",NA,NA,NA,NA,NA,NA,NA,NA,NA,NA,NA,NA,NA,NA,NA,NA,NA,NA,NA,NA,NA,NA,NA,0,0,20,20,20,20,20,20,20,20,20,20,20,20,20,20,20,20,20,20,20,20,20,"No",NA,NA,NA
"3","AGO","AO","AF","Angola",NA,NA,NA,NA,NA,NA,NA,NA,NA,NA,NA,NA,NA,NA,NA,40,40,40,40,40,40,35,35,35,35,35,35,35,35,35,35,35,35,35,35,30,30,30,30,30,30,25,25,25,25,25,"Yes","No","No","No"
"4","AIA","AI","NO","Anguilla",NA,NA,NA,NA,NA,NA,NA,NA,NA,NA,NA,NA,NA,NA,NA,NA,NA,NA,NA,NA,0,0,0,0,0,0,0,0,0,0,0,0,0,0,0,0,0,0,0,0,0,0,0,0,0,0,"No",NA,NA,NA
"5","ALA","AX","EU","Aland Islands",NA,NA,NA,NA,NA,NA,NA,NA,NA,NA,NA,NA,NA,NA,NA,NA,NA,NA,NA,NA,NA,NA,NA,NA,NA,NA,NA,NA,NA,NA,NA,NA,NA,NA,NA,NA,NA,20,20,20,20,20,20,20,20,20,"No",NA,NA,NA
"6","ALB","AL","EU","Albania",NA,NA,NA,NA,NA,NA,NA,NA,NA,NA,NA,NA,NA,NA,NA,30,30,30,30,30,30,30,25,25,25,23,20,20,10,10,10,10,10,10,15,15,15,15,15,15,15,15,15,15,15,15,"Yes","No","No","No"
"7","AND","AD","EU","Andorra",NA,NA,NA,NA,NA,NA,NA,NA,NA,NA,NA,NA,NA,NA,NA,NA,NA,NA,NA,NA,0,0,0,0,0,0,0,0,0,0,0,0,10,10,10,10,10,10,10,10,10,10,10,10,10,10,"No",NA,NA,NA
"8","ANT","AN","NO","Netherlands Antilles",34,34,34,34,34,34,34,34,34,34,34,34,39,39,39,39,39,39,39,NA,NA,35,35,NA,34.5,34.5,34.5,34.5,34.5,34.5,NA,NA,NA,NA,NA,NA,NA,NA,NA,NA,NA,NA,NA,NA,NA,NA,"No",NA,NA,NA
"9","ARE","AE","AS","United Arab Emirates",0,0,0,0,0,0,0,0,0,0,0,0,0,0,0,0,0,0,0,0,0,0,0,0,0,0,0,0,0,0,0,0,0,0,0,0,0,0,0,0,0,0,0,9,9,9,"Yes","No","No","No"
"10","ARG","AR","SA","Argentina",33,33,33,33,33,33,33,33,33,33,20,20,20,30,30,30,30,33,33,35,35,35,35,35,35,35,35,35,35,35,35,35,35,35,35,35,35,35,30,30,30,35,35,35,35,35,"Yes","No","No","No"
"11","ARM","AM","AS","Armenia",NA,NA,NA,NA,NA,NA,NA,NA,NA,NA,NA,NA,NA,NA,NA,NA,20,30,30,30,25,25,20,20,20,20,20,20,20,20,20,20,20,20,20,20,20,20,20,20,18,18,18,18,18,18,"Yes","No","No","No"
"12","ASM","AS","OC","American Samoa",NA,NA,NA,NA,NA,NA,NA,NA,NA,NA,NA,NA,NA,NA,NA,NA,NA,NA,NA,NA,NA,NA,NA,NA,NA,NA,NA,NA,NA,NA,NA,NA,NA,NA,44,44,44,34,34,34,34,34,34,34,34,34,"No",NA,NA,NA
"13","ATA","AQ","AN","Antarctica",NA,NA,NA,NA,NA,NA,NA,NA,NA,NA,NA,NA,NA,NA,NA,NA,NA,NA,NA,NA,NA,NA,NA,NA,NA,NA,NA,NA,NA,NA,NA,NA,NA,NA,NA,NA,NA,NA,NA,NA,NA,NA,NA,NA,NA,NA,"No",NA,NA,NA
"14","ATF","TF","AN","French Southern Territories",NA,NA,NA,NA,NA,NA,NA,NA,NA,NA,NA,NA,NA,NA,NA,NA,NA,NA,NA,NA,NA,NA,NA,NA,NA,NA,NA,NA,NA,NA,NA,NA,NA,NA,NA,NA,NA,NA,NA,NA,NA,NA,NA,NA,NA,NA,"No",NA,NA,NA
"15","ATG","AG","NO","Antigua and Barbuda",NA,NA,NA,NA,NA,NA,NA,40,40,40,40,40,40,40,40,40,40,40,40,40,40,40,0,0,0,0,0,30,25,25,25,25,25,25,25,25,25,25,25,25,25,25,25,25,25,25,"No",NA,NA,NA
"16","AUS","AU","OC","Australia",46,46,46,46,46,46,49,49,39,39,39,39,39,33,33,36,36,36,36,36,34,30,30,30,30,30,30,30,30,30,30,30,30,30,30,30,30,30,30,30,30,30,30,30,30,30,"Yes","Yes","No","Yes"
"17","AUT","AT","EU","Austria",55,55,55,55,55,55,55,55,55,30,30,30,30,30,34,34,34,34,34,34,34,34,34,34,34,25,25,25,25,25,25,25,25,25,25,25,25,25,25,25,25,25,25,24,23,23,"Yes","Yes","No","Yes"
"18","AZE","AZ","AS","Azerbaijan",NA,NA,NA,NA,NA,NA,NA,NA,NA,NA,NA,NA,NA,NA,NA,NA,25,32,32,32,32,27,27,27,25,24,24,22,22,22,20,20,20,20,20,20,20,20,20,20,20,20,20,20,20,20,"Yes","No","No","No"
"19","BDI","BI","AF","Burundi",NA,NA,NA,NA,NA,NA,NA,NA,NA,NA,NA,NA,NA,NA,NA,NA,NA,NA,NA,NA,NA,NA,NA,NA,NA,NA,NA,NA,NA,NA,NA,NA,NA,NA,NA,30,30,30,30,30,30,30,30,30,30,30,"No",NA,NA,NA
"20","BEL","BE","EU","Belgium",48,48,48,45,45,45,45,43,43,43,41,39,39,40.17,40.17,40.17,40.17,40.17,40.17,40.17,40.17,40.17,40.17,33.99,33.99,33.99,35.97,33.99,33.99,33.99,33.99,33.99,33.99,33.99,33.99,33.99,33.99,33.99,29.58,29.58,25,25,25,25,25,25,"Yes","Yes","No","Yes"
"21","BEN","BJ","AF","Benin",NA,NA,NA,NA,NA,NA,NA,NA,NA,NA,NA,NA,NA,NA,NA,NA,NA,NA,NA,NA,0,0,0,0,0,0,0,0,0,0,30,30,30,30,30,30,30,30,30,30,30,30,30,30,30,30,"No",NA,NA,NA
"22","BES","BQ","NO","Bonaire, Sint Eustatius and Saba",NA,NA,NA,NA,NA,NA,NA,NA,NA,NA,NA,NA,NA,NA,NA,NA,NA,NA,NA,NA,NA,NA,NA,NA,NA,NA,NA,NA,NA,NA,NA,NA,0,0,0,0,0,25,25,25,25,25,25.8,25.8,25.8,25.8,"No",NA,NA,NA
"23","BFA","BF","AF","Burkina Faso",NA,NA,NA,NA,NA,NA,NA,NA,NA,NA,NA,NA,NA,NA,NA,NA,NA,NA,NA,NA,35,35,35,35,35,35,35,35,30,30,27.5,27.5,27.5,27.5,27.5,27.5,27.5,27.5,28,28,28,28,27.5,27.5,27.5,27.5,"No",NA,NA,NA
"24","BGD","BD","AS","Bangladesh",NA,NA,NA,NA,NA,NA,NA,NA,NA,NA,NA,40,40,40,40,40,40,40,40,35,35,35,35,30,30,30,30,30,30,27.5,27.5,27.5,27.5,27.5,27.5,27.5,25,25,25,25,25,32.5,30,27.5,27.5,27.5,"No",NA,NA,NA
"25","BGR","BG","EU","Bulgaria",NA,NA,NA,NA,NA,NA,NA,NA,NA,NA,NA,NA,NA,40,40,40,40,36,30,30,30,25,20,23.5,19.5,15,15,10,10,10,10,10,10,10,10,10,10,10,10,10,10,10,10,10,10,15,"Yes","Yes","No","Yes"
"26","BHR","BH","AS","Bahrain",0,0,0,0,0,0,0,0,0,0,0,0,0,0,0,0,0,0,0,0,0,0,0,0,0,0,0,0,0,0,0,0,0,0,0,0,0,0,0,0,0,0,0,0,0,0,"Yes","No","No","No"
"27","BHS","BS","NO","Bahamas",0,0,0,0,0,0,0,0,0,0,0,0,0,0,0,0,0,0,0,0,0,0,0,0,0,0,0,0,0,0,0,0,0,0,0,0,0,0,0,0,0,0,0,0,0,0,"Yes","No","No","No"
"28","BIH","BA","EU","Bosnia and Herzegovina",NA,NA,NA,NA,NA,NA,NA,NA,NA,NA,NA,NA,NA,NA,NA,NA,NA,NA,NA,NA,30,30,30,10,10,10,10,10,10,10,10,10,10,10,10,10,10,10,10,10,10,10,10,10,10,10,"Yes","No","No","No"
"29","BLM","BL","NO","Saint Barthelemy",NA,NA,NA,NA,NA,NA,NA,NA,NA,NA,NA,NA,NA,NA,NA,NA,NA,NA,NA,NA,NA,NA,NA,NA,NA,NA,NA,NA,NA,NA,NA,NA,NA,NA,NA,NA,NA,NA,NA,0,0,0,0,0,0,0,"No",NA,NA,NA
"30","BLR","BY","EU","Belarus",NA,NA,NA,NA,NA,NA,NA,NA,NA,NA,NA,30,30,30,30,30,30,30,30,30,30,30,25,24,24,24,24,24,24,24,24,24,18,18,18,18,18,18,18,18,18,18,18,20,25,25,"No",NA,NA,NA
"31","BLZ","BZ","NO","Belize",NA,NA,NA,NA,NA,NA,NA,45,45,45,45,45,45,35,35,35,35,35,35,NA,25,25,25,25,25,25,25,25,25,25,25,25,25,25,25,25,25,25,25,25,0,0,0,0,0,0,"No",NA,NA,NA
"32","BMU","BM","NO","Bermuda",0,0,0,0,0,0,0,0,0,0,0,0,0,0,0,0,0,0,0,0,0,0,0,0,0,0,0,0,0,0,0,0,0,0,0,0,0,0,0,0,0,0,0,0,0,0,"Yes","No","No","No"
"33","BOL","BO","SA","Bolivia (Plurinational State of)",30,30,30,30,30,30,30,2,2,2,2.5,3,3,3,25,25,25,25,25,25,25,25,25,25,25,25,25,25,25,25,25,25,25,25,25,25,25,25,25,25,25,25,25,25,25,25,"No",NA,NA,NA
"34","BRA","BR","SA","Brazil",35,35,35,35,35,35,35,35,35,30,30,30,30,25,25,25,25,25,25,33,37,34,34,34,34,34,34,34,34,34,34,34,34,34,34,34,34,34,34,34,34,34,34,34,34,34,"Yes","No","No","No"
"35","BRB","BB","NO","Barbados",45,45,45,45,45,45,45,35,35,35,35,35,35,40,40,40,40,40,40,40,40,40,37.5,36,33,30,25,25,25,25,25,25,25,25,25,25,25,25,30,5.5,5.5,5.5,5.5,5.5,9,15,"Yes","No","No","Yes"
"36","BRN","BN","AS","Brunei Darussalam",NA,NA,NA,NA,NA,NA,NA,NA,NA,NA,NA,NA,NA,NA,NA,NA,NA,NA,NA,NA,30,30,30,30,30,30,30,30,30,25.5,23.5,22,21,20,20,18.5,18.5,18.5,18.5,18.5,18.5,18.5,18.5,18.5,18.5,18.5,"No",NA,NA,NA
"37","BTN","BT","AS","Bhutan",NA,NA,NA,NA,NA,NA,NA,NA,NA,NA,NA,NA,NA,NA,NA,NA,NA,NA,NA,NA,NA,NA,NA,NA,NA,NA,NA,NA,NA,NA,30,30,30,30,30,30,30,30,30,30,30,25,25,25,25,25,"No",NA,NA,NA
"38","BVT","BV","AN","Bouvet Island",NA,NA,NA,NA,NA,NA,NA,NA,NA,NA,NA,NA,NA,NA,NA,NA,NA,NA,NA,NA,NA,NA,NA,NA,NA,NA,NA,NA,NA,NA,NA,NA,NA,NA,NA,NA,NA,NA,NA,NA,NA,NA,NA,NA,NA,NA,"No",NA,NA,NA
"39","BWA","BW","AF","Botswana",35,35,35,35,35,35,35,35,40,40,40,30,30,30,25,25,25,25,25,25,25,25,25,25,25,25,25,25,25,25,25,22,22,22,22,22,22,22,22,22,22,22,22,22,22,22,"No",NA,NA,NA
"40","CAF","CF","AF","Central African Republic",NA,NA,NA,NA,NA,NA,NA,NA,NA,NA,NA,NA,NA,NA,NA,NA,NA,NA,NA,NA,NA,NA,NA,NA,NA,NA,NA,NA,NA,NA,NA,NA,NA,30,30,30,30,30,30,30,30,30,30,30,30,30,"No",NA,NA,NA
"41","CAN","CA","NO","Canada",NA,50.92,49.53,48.27,47.63,49.43,49.76,48.58,41.29,41.34,41.45,41.81,42.52,44.3,44.3,44.6,44.6,44.6,44.6,44.6,42.43,40.48,38.02,35.87,34.38,34.18,33.93,33.95,31.4,30.9,29.4,27.7,26.1,26.2,26.2,26.7,26.7,26.7,26.8,26.62,26.25,26.17,26.12,26.14,26.14,26.14,"Yes","Yes","No","Yes"
"42","CCK","CC","AS","Cocos (Keeling) Islands",NA,NA,NA,NA,NA,NA,NA,NA,NA,NA,NA,NA,NA,NA,NA,NA,NA,NA,NA,NA,NA,NA,NA,NA,NA,NA,NA,NA,NA,NA,NA,NA,NA,NA,NA,NA,NA,NA,NA,NA,NA,NA,NA,NA,NA,NA,"No",NA,NA,NA
"43","CHE","CH","EU","Switzerland",NA,33.04826958,33.04826958,33.04826958,32.86612022,31.86612022,31.68397086,31.68761384,30.59471767,30.59653916,30.59653916,27.72101468,28.03435928,28.4667857,28.4667857,28.46924177,28.46924177,28.46924177,27.79845951,25.09419405,24.93,24.7,24.42,24.099824,24.099824,21.33,21.33,21.323279,21.174438,21.174438,21.174438,21.174438,21.174438,21.148581,21.148581,21.148581,21.148581,21.148581,21.148581,21.148581,21.148581,19.698516,19.699,19.653,19.608138,19.608138,"Yes","No","No","Yes"
"44","CHL","CL","SA","Chile",48.6,48.6,48.6,48.6,37,23.5,37,37,32.5,32.5,32.5,35,35,35,35,35,15,15,15,15,15,15,16,16.5,17,17,17,17,17,17,17,20,20,20,21,22.5,24,25,25,25,25,10,27,27,27,27,"Yes","No","No","No"
"45","CHN","CN","AS","China",55.2,55.2,55.2,40,40,40,40,40,40,40,40,40,30,30,33,33,33,33,33,33,33,33,33,33,33,33,33,33,25,25,25,25,25,25,25,25,25,25,25,25,25,25,25,25,25,25,"Yes","No","No","No"
"46","CIV","CI","AF","Cote d'Ivoire",40,40,40,40,40,40,40,40,40,40,40,40,35,35,35,35,35,35,35,35,35,35,35,35,35,35,35,27,25,25,25,25,25,25,25,25,25,25,25,25,25,25,25,25,25,25,"No",NA,NA,NA
"47","CMR","CM","AF","Cameroon",NA,NA,NA,NA,NA,NA,NA,NA,38.5,38.5,38.5,38.5,38.5,38.5,38.5,38.5,38.5,38.5,38.5,38.5,38.5,38.5,38.5,38.5,38.5,38.5,38.5,38.5,38.5,38.5,38.5,38.5,38.5,38.5,38.5,33,33,33,33,33,33,33,33,33,33,33,"Yes","No","No","No"
"48","COD","CD","AF","Democratic Republic of the Congo",50,50,50,50,50,50,50,50,50,50,50,50,50,50,50,50,50,50,NA,NA,50,50,40,40,40,40,40,40,40,40,40,40,40,35,35,35,35,35,35,35,35,30,30,30,30,30,"Yes","No","No","No"
"49","COG","CG","AF","Congo",NA,NA,NA,NA,NA,NA,NA,NA,NA,49,49,49,49,49,49,49,49,45,45,45,45,45,40,40,38,38,38,38,38,38,38,36,35,33,33,30,30,30,30,30,30,28,28,28,28,28,"Yes","No","No","No"
"50","COK","CK","OC","Cook Islands",NA,NA,NA,NA,NA,NA,NA,NA,NA,NA,NA,NA,NA,NA,NA,NA,NA,NA,NA,NA,0,0,0,0,0,0,0,0,0,0,0,0,0,0,0,0,20,20,20,20,20,20,20,20,20,20,"No",NA,NA,NA
"51","COL","CO","SA","Colombia",40,40,40,40,40,40,33,32,31,30,30,30,30,30,30,30,35,35,35,35,35,35,35,35,35,35,35,34,33,33,33,33,33,25,25,25,25,34,33,33,32,31,35,35,35,35,"Yes","No","No","No"
"52","COM","KM","AF","Comoros",NA,NA,NA,NA,NA,NA,NA,NA,NA,NA,NA,NA,NA,NA,NA,NA,NA,NA,NA,NA,NA,NA,NA,NA,NA,NA,NA,NA,NA,NA,NA,NA,NA,NA,NA,35,NA,50,50,50,50,50,50,50,50,50,"No",NA,NA,NA
"53","CPV","CV","AF","Cabo Verde",NA,NA,NA,NA,NA,NA,NA,NA,NA,NA,NA,NA,NA,NA,NA,NA,NA,NA,NA,NA,35,35,35,30,30,30,30,30,30,25,25,25,25,25,25,25,25,25,25,22.44,22.44,22.44,22.44,22.44,21.42,21.42,"Yes","No","No","No"
"54","CRI","CR","NO","Costa Rica",45,45,50,50,50,50,50,50,50,30,30,30,30,30,30,30,30,30,30,30,30,30,30,36,30,30,30,30,30,30,30,30,30,30,30,30,30,30,30,30,30,30,30,30,30,30,"Yes","No","No","No"
"55","CUB","CU","NO","Cuba",NA,NA,NA,NA,NA,NA,NA,NA,NA,NA,NA,NA,NA,NA,NA,NA,NA,NA,NA,NA,NA,NA,NA,NA,NA,NA,NA,NA,NA,NA,NA,NA,NA,35,35,35,35,35,35,35,35,35,35,35,35,35,"No",NA,NA,NA
"56","CUW","CW","NO","Curacao",NA,NA,NA,NA,NA,NA,NA,NA,NA,NA,NA,NA,NA,NA,NA,NA,NA,NA,NA,NA,30,30,30,30,30,30,30,30,30,30,30,34.5,27.5,27.5,27.5,25,22,22,22,22,22,22,22,22,22,22,"No",NA,NA,NA
"57","CXR","CX","AS","Christmas Island",NA,NA,NA,NA,NA,NA,NA,NA,NA,NA,NA,NA,NA,NA,NA,NA,NA,NA,NA,NA,NA,NA,NA,NA,NA,NA,NA,NA,NA,NA,NA,NA,NA,NA,NA,NA,NA,NA,NA,NA,NA,NA,NA,NA,NA,NA,"No",NA,NA,NA
"58","CYM","KY","NO","Cayman Islands",0,0,0,0,0,0,0,0,0,0,0,0,0,0,0,0,0,0,0,0,0,0,0,0,0,0,0,0,0,0,0,0,0,0,0,0,0,0,0,0,0,0,0,0,0,0,"Yes","No","No","No"
"59","CYP","CY","EU","Cyprus",42.5,42.5,42.5,42.5,42.5,42.5,42.5,42.5,42.5,42.5,42.5,25,25,25,25,25,25,25,25,25,29,28,28,15,15,10,10,10,10,10,10,10,10,12.5,12.5,12.5,12.5,12.5,12.5,12.5,12.5,12.5,12.5,12.5,12.5,12.5,"No","Yes","No","No"
"60","CZE","CZ","EU","Czechia",NA,NA,NA,NA,NA,NA,NA,NA,NA,NA,NA,40,40,45,42,41,39,39,35,35,31,31,31,31,28,26,24,24,21,20,19,19,19,19,19,19,19,19,19,19,19,19,19,19,21,21,"Yes","Yes","No","Yes"
"61","DEU","DE","EU","Germany",NA,60,60,60,60,60,60,60,60,60,54.54545455,56.25,58.15217391,56.52173913,52.17391304,55.10869565,55.87606838,56.79916318,56.0460251,52.03319502,52.03,38.9,38.9,40.215768,38.900415,38.900415,38.900415,38.900415,30.175,30.175,30.175,30.175,30.175,30.175,30.175,30.175,30.175,30.175,29.825,29.897059,29.94,29.83,29.94,29.93,29.927068,29.927068,"Yes","Yes","No","Yes"
"62","DJI","DJ","AF","Djibouti",NA,NA,NA,NA,NA,NA,NA,NA,NA,NA,NA,NA,NA,NA,NA,NA,NA,NA,NA,NA,NA,NA,NA,NA,NA,NA,NA,25,25,25,25,25,25,25,25,25,25,25,25,25,25,25,25,25,25,25,"No",NA,NA,NA
"63","DMA","DM","NO","Dominica",NA,NA,NA,NA,NA,NA,NA,NA,NA,NA,NA,35,NA,NA,NA,NA,NA,NA,30,NA,30,30,30,30,30,30,30,30,30,30,30,30,30,30,30,28,25,25,25,25,25,25,25,25,25,25,"No",NA,NA,NA
"64","DNK","DK","EU","Denmark",40,40,40,40,40,50,50,50,50,50,40,38,34,34,34,34,34,34,34,32,32,30,30,30,30,28,28,25,25,25,25,25,25,25,24.5,23.5,22,22,22,22,22,22,22,22,22,22,"Yes","Yes","No","Yes"
"65","DOM","DO","NO","Dominican Republic",38,38,38,38,46,46,46,46,46,46,46,46,30,27,26,25,25,25,25,25,25,25,25,25,25,25,30,25,25,25,25,29,29,29,28,27,27,27,27,27,27,27,27,27,27,27,"Yes","No","No","No"
"66","DZA","DZ","AF","Algeria",NA,NA,NA,NA,NA,NA,NA,NA,NA,NA,NA,NA,NA,NA,NA,NA,NA,NA,NA,NA,NA,NA,NA,NA,NA,NA,NA,NA,NA,NA,NA,NA,25,25,25,23,26,26,26,26,26,26,26,26,26,26,"No",NA,NA,NA
"67","ECU","EC","SA","Ecuador",20,20,20,20,20,20,20,20,20,20,25,25,25,25,25,25,25,32,36.25,15,25,36.25,36.25,36.25,36.25,25,25,25,25,25,25,24,23,22,22,22,22,22,25,25,25,25,25,25,25,25,"No",NA,NA,NA
"68","EGY","EG","AF","Egypt",39.7,39.7,32,32,40,40,40,40,40,40,40,40,40,40,40,40,40,40,40,40,40,40,40,42,42,20,20,20,20,20,20,20,25,25,25,22.5,22.5,22.5,23,22.5,22.5,22.5,22.5,22.5,22.5,22.5,"Yes","No","No","No"
"69","ERI","ER","AF","Eritrea",NA,NA,NA,NA,NA,NA,NA,NA,NA,NA,NA,NA,NA,NA,NA,NA,NA,NA,NA,NA,NA,NA,NA,NA,NA,NA,NA,NA,NA,NA,NA,NA,NA,30,30,30,30,30,30,30,30,30,30,30,30,30,"No",NA,NA,NA
"70","ESH","EH","AF","Western Sahara",NA,NA,NA,NA,NA,NA,NA,NA,NA,NA,NA,NA,NA,NA,NA,NA,NA,NA,NA,NA,NA,NA,NA,NA,NA,NA,NA,NA,NA,NA,NA,NA,NA,NA,NA,NA,NA,NA,NA,NA,NA,NA,NA,NA,NA,NA,"No",NA,NA,NA
"71","ESP","ES","EU","Spain",33,33,33,33,35,35,35,35,35,35,35,35,35,35,35,35,35,35,35,35,35,35,35,35,35,35,35,32.5,30,30,30,30,30,30,30,28,25,25,25,25,25,25,25,25,25,25,"Yes","Yes","No","Yes"
"72","EST","EE","EU","Estonia",NA,NA,NA,NA,NA,NA,NA,NA,NA,NA,NA,NA,NA,35,26,26,26,26,26,26,26,26,26,26,26,24,23,22,21,21,21,21,21,21,21,20,20,20,20,20,20,20,20,20,20,20,"Yes","No","No","No"
"73","ETH","ET","AF","Ethiopia",NA,NA,NA,NA,NA,NA,NA,NA,NA,NA,NA,NA,NA,50,50,50,50,50,40,35,35,NA,NA,NA,30,30,30,30,30,30,30,30,30,30,30,30,30,30,30,30,30,30,30,30,30,30,"No",NA,NA,NA
"74","FIN","FI","EU","Finland",NA,61.5,61.75,61.5,61.75,61.75,51.5,51.5,51.5,52.5,44.5,42,39,25,25,25,28,28,28,28,29,29,29,29,29,26,26,26,26,26,26,26,24.5,24.5,20,20,20,20,20,20,20,20,20,20,20,20,"Yes","Yes","No","Yes"
"75","FJI","FJ","OC","Fiji",37.5,37.5,37.5,37.5,37.5,37.5,37.5,37.5,37.5,37.5,37.5,37.5,37.5,35,35,35,35,35,35,35,35,34,32,32,31,31,31,31,31,29,28,28,28,20,20,20,20,20,20,20,20,20,20,20,25,25,"No",NA,NA,NA
"76","FLK","FK","SA","Falkland Islands (Malvinas)",NA,NA,NA,NA,NA,NA,NA,NA,NA,NA,NA,NA,NA,NA,NA,NA,NA,NA,NA,NA,NA,NA,NA,NA,NA,NA,NA,NA,26,26,26,26,26,26,26,26,26,26,26,26,26,26,26,26,26,26,"No",NA,NA,NA
"77","FRA","FR","EU","France",50,50,50,50,50,50,45,45,42,42,42,42,34,33.33,33.33,36.66,36.66,36.66,41.66,40,37.76,36.43,35.43,35.42979,35.42979,34.95,34.43,34.42989,34.42989,34.42989,34.42989,36.09639,36.09639,37.9962,37.9962,37.9962,34.43,34.43,34.43,34.43,32.02,28.4075,25.825,25.825,25.825,25.825,"Yes","Yes","No","Yes"
"78","FRO","FO","EU","Faroe Islands",NA,NA,NA,NA,NA,NA,NA,NA,NA,NA,NA,NA,NA,NA,NA,NA,NA,NA,NA,NA,20,20,20,20,20,20,18,18,18,18,18,18,18,18,18,18,18,18,18,18,18,18,18,18,18,18,"No",NA,NA,NA
"79","FSM","FM","OC","Micronesia (Federated States of)",NA,NA,NA,NA,NA,NA,NA,NA,NA,NA,NA,NA,NA,NA,NA,NA,NA,NA,NA,NA,NA,NA,NA,NA,NA,NA,NA,NA,NA,NA,NA,21,21,21,21,21,21,21,21,21,30,30,30,30,30,30,"No",NA,NA,NA
"80","GAB","GA","AF","Gabon",NA,NA,NA,NA,NA,NA,NA,NA,50,50,50,40,40,40,40,40,40,40,40,40,35,35,35,35,35,35,35,35,35,35,35,35,35,30,30,30,30,30,30,30,30,30,30,30,30,30,"No",NA,NA,NA
"81","GBR","GB","EU","United Kingdom of Great Britain and Northern Ireland",52,52,52,50,45,40,35,35,35,35,34,33,33,33,33,33,33,31,31,30,30,30,30,30,30,30,30,30,28,28,28,26,24,23,21,20,20,19,19,19,19,19,19,25,25,25,"Yes","Yes","No","Yes"
"82","GEO","GE","AS","Georgia",NA,NA,NA,NA,NA,NA,NA,NA,NA,NA,NA,NA,NA,NA,NA,NA,NA,NA,NA,NA,20,20,20,20,20,20,20,20,15,15,15,15,15,15,15,15,15,15,15,15,15,15,15,15,15,15,"Yes","No","No","No"
"83","GGY","GG","EU","Guernsey",20,20,20,20,20,20,20,20,20,20,20,20,20,20,20,20,20,20,20,NA,20,20,20,0,0,0,0,0,0,0,0,0,0,0,0,0,0,0,0,0,0,0,0,0,0,0,"Yes","No","No","No"
"84","GHA","GH","AF","Ghana",60,NA,NA,NA,NA,NA,NA,NA,NA,NA,50,50,50,45,45,35,35,35,35,35,35,35,32.5,NA,32.5,30,25,25,25,25,25,25,25,25,25,25,25,25,25,25,25,25,25,25,25,25,"No",NA,NA,NA
"85","GIB","GI","EU","Gibraltar",NA,NA,NA,NA,NA,NA,NA,NA,NA,NA,NA,35,35,35,35,35,35,35,35,NA,35,35,35,35,35,35,35,35,33,27,22,10,10,10,10,10,10,10,10,10,10,12.5,12.5,12.5,15,15,"Yes","No","No","Yes"
"86","GIN","GN","AF","Guinea",NA,NA,NA,NA,NA,NA,NA,NA,NA,NA,NA,NA,NA,NA,NA,35,35,35,35,35,35,35,35,NA,35,35,35,35,35,35,35,35,35,35,35,35,35,35,35,35,35,35,35,25,25,25,"No",NA,NA,NA
"87","GLP","GP","NO","Guadeloupe",NA,NA,NA,NA,NA,NA,NA,NA,NA,NA,NA,NA,NA,NA,NA,NA,NA,NA,NA,NA,NA,NA,NA,NA,NA,NA,NA,NA,NA,NA,NA,NA,NA,NA,NA,NA,NA,NA,NA,NA,NA,NA,NA,NA,NA,NA,"No",NA,NA,NA
"88","GMB","GM","AF","Gambia",NA,NA,NA,NA,NA,NA,NA,NA,NA,NA,NA,NA,NA,NA,NA,NA,NA,NA,NA,NA,35,35,35,NA,NA,NA,NA,NA,NA,NA,NA,NA,NA,NA,NA,31,31,30,31,31,31,27,27,27,27,27,"No",NA,NA,NA
"89","GNB","GW","AF","Guinea-Bissau",NA,NA,NA,NA,NA,NA,NA,NA,NA,NA,NA,NA,NA,NA,NA,NA,NA,NA,NA,NA,NA,NA,NA,NA,NA,NA,NA,NA,NA,NA,NA,25,25,25,25,25,25,25,25,25,25,25,25,25,25,25,"No",NA,NA,NA
"90","GNQ","GQ","AF","Equatorial Guinea",NA,NA,NA,NA,NA,NA,NA,NA,NA,NA,NA,NA,NA,NA,NA,NA,NA,NA,NA,NA,NA,NA,NA,NA,25,25,35,35,35,35,35,35,35,35,35,35,35,35,35,35,35,35,35,35,35,35,"No",NA,NA,NA
"91","GRC","GR","EU","Greece",NA,45,45,45,45,49,49,49,49,46,46,46,40.5,35,35,35,35,35,40,40,40,37.5,35,35,35,32,29,25,25,25,24,20,20,26,26,26,29,29,29,24,24,24,22,22,22,22,"Yes","Yes","No","Yes"
"92","GRD","GD","NO","Grenada",NA,NA,NA,NA,NA,NA,NA,NA,NA,NA,NA,33,NA,NA,NA,NA,NA,NA,30,NA,30,30,30,30,30,30,30,30,30,30,30,30,30,30,30,30,30,30,30,28,28,28,28,28,28,28,"No",NA,NA,NA
"93","GRL","GL","NO","Greenland",NA,NA,NA,NA,NA,NA,NA,NA,NA,NA,NA,NA,NA,NA,NA,NA,NA,NA,NA,NA,35,35,35,35,35,35,35,30,30,30,30,30,30,30,30,30,31.8,31.8,31.8,31.8,26.5,26.5,26.5,26.5,26.5,26.5,"Yes","No","No","No"
"94","GTM","GT","NO","Guatemala",48,48,48,48,42,42,42,42,34,34,34,34,34,25,25,30,30,30,25,27.5,25,31,31,31,31,31,31,31,31,31,31,31,31,31,28,25,25,25,25,25,25,25,25,25,25,25,"No",NA,NA,NA
"95","GUF","GF","SA","French Guiana",NA,NA,NA,NA,NA,NA,NA,NA,NA,NA,NA,NA,NA,NA,NA,NA,NA,NA,NA,NA,NA,NA,NA,NA,NA,NA,NA,NA,NA,NA,NA,NA,NA,NA,NA,NA,NA,NA,NA,NA,NA,NA,NA,NA,NA,NA,"No",NA,NA,NA
"96","GUM","GU","OC","Guam",NA,NA,NA,NA,NA,NA,NA,NA,NA,NA,NA,NA,NA,NA,NA,NA,NA,NA,NA,NA,NA,35,35,NA,35,35,35,35,35,35,35,35,35,35,35,35,35,35,21,21,21,21,21,21,21,21,"No",NA,NA,NA
"97","GUY","GY","SA","Guyana",NA,NA,NA,NA,NA,NA,NA,NA,55,55,55,55,55,35,35,45,45,45,45,45,45,45,45,NA,35,35,NA,NA,NA,NA,35,30,30,30,30,30,30,27.5,27.5,25,25,25,25,25,25,25,"No",NA,NA,NA
"98","HKG","HK","AS","China, Hong Kong Special Administrative Region",17,17,16.5,16.5,16.5,18.5,18.5,18.5,18,17,16.5,16.5,16.5,17.5,17.5,16.5,16.5,16.5,16.5,16,16,16,16,16,17.5,17.5,17.5,17.5,16.5,16.5,16.5,16.5,16.5,16.5,16.5,16.5,16.5,16.5,16.5,16.5,16.5,16.5,16.5,16.5,16.5,16.5,"Yes","No","No","No"
"99","HMD","HM","AN","Heard Island and McDonald Islands",NA,NA,NA,NA,NA,NA,NA,NA,NA,NA,NA,NA,NA,NA,NA,NA,NA,NA,NA,NA,NA,NA,NA,NA,NA,NA,NA,NA,NA,NA,NA,NA,NA,NA,NA,NA,NA,NA,NA,NA,NA,NA,NA,NA,NA,NA,"No",NA,NA,NA
"100","HND","HN","NO","Honduras",40,40,40,40,40,40,40,40,40,40,35,35,35,35,35,35,35,40.25,40.25,25,25,25,25,30,30,30,30,30,30,30,35,30,31,30,30,30,30,30,30,30,30,30,30,30,30,30,"Yes","No","No","No"
"101","HRV","HR","EU","Croatia",NA,NA,NA,NA,NA,NA,NA,NA,NA,NA,NA,NA,NA,NA,NA,NA,25,25,35,35,35,20,20,20.32,20.32,20.23,20,20,20,20,20,20,20,20,20,20,20,18,18,18,18,18,18,18,18,18,"Yes","Yes","No","Yes"
"102","HTI","HT","NO","Haiti",NA,NA,NA,NA,NA,NA,50,30,30,35,35,NA,NA,NA,NA,35,35,35,35,35,35,35,35,0,0,0,0,0,0,0,0,30,30,30,30,30,30,30,30,30,30,30,30,30,30,30,"No",NA,NA,NA
"103","HUN","HU","EU","Hungary",NA,NA,NA,NA,NA,NA,NA,NA,NA,50,40,40,40,40,36,18,18,18,18,18,18,18,18,18,16,16,17.33,20,20,20,19,19,19,19,19,19,19,9,9,9,9,9,9,9,9,15,"Yes","Yes","No","Yes"
"104","IDN","ID","AS","Indonesia",45,45,45,45,35,35,35,35,35,35,35,35,35,35,35,30,30,30,30,30,30,30,30,30,30,30,30,30,30,28,25,25,25,25,25,25,25,25,25,25,25,22,22,22,22,22,"Yes","No","No","No"
"105","IMN","IM","EU","Isle of Man",NA,NA,NA,NA,NA,NA,NA,NA,20,20,20,20,20,20,20,20,20,20,20,20,20,20,18,15,15,15,15,0,0,0,0,0,0,0,0,0,0,0,0,0,0,0,0,0,0,0,"Yes","No","No","No"
"106","IND","IN","AS","India",60,59.1,56.4,56.4,55,55,50,50,50,50,50,40,45,45,45,40,40,35,35,35,38.5,39.55,35.7,36.75,35.875,36.5935,33.66,33.99,33.99,33.99,33.99,32.44,32.45,33.99,33.99,34.61,34.61,34.61,35,30,30,30,30,30,30,30,"Yes","No","No","No"
"107","IOT","IO","AS","British Indian Ocean Territory",NA,NA,NA,NA,NA,NA,NA,NA,NA,NA,NA,NA,NA,NA,NA,NA,NA,NA,NA,NA,NA,NA,NA,NA,NA,NA,NA,NA,NA,NA,NA,NA,NA,NA,NA,NA,NA,NA,NA,NA,NA,NA,NA,NA,NA,NA,"No",NA,NA,NA
"108","IRL","IE","EU","Ireland",45,45,50,50,50,50,50,50,47,43,43,40,40,40,40,38,36,36,32,28,24,20,16,12.5,12.5,12.5,12.5,12.5,12.5,12.5,12.5,12.5,12.5,12.5,12.5,12.5,12.5,12.5,12.5,12.5,12.5,12.5,12.5,12.5,12.5,15,"Yes","Yes","No","Yes"
"109","IRN","IR","AS","Iran (Islamic Republic of)",NA,55,55,55,55,55,55,55,55,55,75,75,75,54,54,54,54,54,54,54,54,54,54,NA,25,25,25,NA,NA,NA,NA,25,25,25,25,25,25,25,25,25,25,25,25,25,25,25,"No",NA,NA,NA
"110","IRQ","IQ","AS","Iraq",NA,NA,NA,NA,NA,NA,NA,NA,NA,NA,NA,NA,NA,NA,NA,NA,NA,NA,NA,NA,NA,NA,NA,NA,NA,NA,NA,NA,15,15,15,15,15,15,15,15,15,15,15,15,15,15,15,15,15,15,"No",NA,NA,NA
"111","ISL","IS","EU","Iceland",NA,NA,NA,NA,NA,NA,NA,NA,NA,NA,NA,NA,NA,33,33,33,33,33,33,30,30,30,18,18,18,18,18,18,15,15,18,20,20,20,20,20,20,20,20,20,20,20,20,20,21,21,"Yes","No","No","No"
"112","ISR","IL","AS","Israel",NA,NA,NA,NA,NA,NA,NA,NA,NA,NA,NA,NA,NA,NA,NA,37,36,36,36,36,36,36,36,36,35,34,31,29,27,26,25,24,25,25,26.5,26.5,25,24,23,23,23,23,23,23,23,23,"Yes","No","No","No"
"113","ITA","IT","EU","Italy",NA,36.25,41.34,46.4,46.4,46.4,46.4,46.4,46.4,46.4,46.4,47.8,52.2,52.2,53.2,53.2,53.2,53.2,37,37,41.25,40.25,40.25,38.25,37.25,37.25,37.25,37.25,31.4,31.4,31.4,31.4,31.29275,31.29275,31.29275,31.29275,31.29275,27.8064,27.8064,27.8064,27.81,27.81,27.81,27.81,27.81,27.81,"Yes","Yes","No","Yes"
"114","JAM","JM","NO","Jamaica",45,45,45,45,45,45,45,33.3,33.3,33.3,33.3,33.3,33.3,33.3,33.3,33.3,33.3,33.3,33.3,33.3,33.33,33.33,33.33,33.33,33.33,33.33,33.33,33.33,33.33,33.33,33.33,33.33,33.33,25,25,25,25,25,25,25,25,25,25,25,25,25,"Yes","No","No","No"
"115","JEY","JE","EU","Jersey",20,20,20,20,20,20,20,20,20,20,20,20,20,20,20,20,20,20,20,NA,20,20,20,0,0,0,0,0,0,0,0,0,0,0,0,0,0,0,0,0,0,0,0,0,0,0,"Yes","No","No","No"
"116","JOR","JO","AS","Jordan",NA,NA,40,NA,NA,NA,NA,NA,NA,NA,NA,NA,NA,NA,NA,55,55,35,35,35,35,35,35,25,25,25,25,25,25,25,14,14,14,14,14,20,20,20,20,20,20,20,20,20,20,20,"Yes","No","No","No"
"117","JPN","JP","AS","Japan",NA,NA,NA,NA,NA,NA,NA,NA,NA,NA,49.98,49.98,49.98,49.98,49.98,49.98,49.98,49.98,46.36,48,40.87,40.87,40.87,40.87,39.54,39.54,39.54,39.54,39.54,39.54,39.54,39.54,39.54,36.99,36.99,32.11,29.97,29.97,29.74,29.74,29.74,29.74,29.74,29.74,29.74,29.74,"Yes","Yes","No","No"
"118","KAZ","KZ","AS","Kazakhstan",NA,NA,NA,NA,NA,NA,NA,NA,NA,NA,30,30,30,25,30,30,30,30,30,30,30,30,30,30,30,30,30,30,30,20,20,20,20,20,20,20,20,20,20,20,20,20,20,20,20,20,"Yes","No","No","No"
"119","KEN","KE","AF","Kenya",45,45,45,45,45,45,45,45,45,45,42.5,40,37.5,35,35,35,35,35,35,33,30,30,30,30,30,30,30,30,30,30,30,30,30,30,30,30,30,30,30,30,30,30,30,30,30,30,"No","No","No","No"
"120","KGZ","KG","AS","Kyrgyzstan",NA,NA,NA,NA,NA,NA,NA,NA,NA,NA,NA,NA,NA,NA,NA,NA,NA,NA,30,30,30,30,30,NA,NA,NA,NA,NA,NA,NA,10,10,10,10,10,10,10,10,10,10,10,10,10,10,10,10,"No",NA,NA,NA
"121","KHM","KH","AS","Cambodia",NA,NA,NA,NA,NA,NA,NA,NA,NA,NA,NA,NA,NA,NA,NA,NA,NA,20,20,20,20,20,20,NA,NA,NA,NA,NA,NA,20,20,20,20,20,20,20,20,20,20,20,20,20,20,20,20,20,"No",NA,NA,NA
"122","KIR","KI","OC","Kiribati",NA,NA,NA,NA,NA,NA,NA,NA,NA,NA,NA,NA,NA,NA,NA,NA,NA,NA,NA,NA,NA,NA,NA,NA,NA,NA,NA,NA,NA,NA,NA,35,35,35,35,35,35,35,35,35,35,30,30,30,30,30,"No",NA,NA,NA
"123","KNA","KN","NO","Saint Kitts and Nevis",NA,NA,NA,NA,NA,NA,NA,NA,NA,NA,NA,NA,NA,NA,NA,NA,NA,NA,NA,NA,0,0,0,0,0,0,0,0,0,0,35,35,35,33,33,33,33,33,33,33,33,33,33,33,33,33,"No",NA,NA,NA
"124","KOR","KR","AS","Republic of Korea",NA,NA,NA,NA,NA,NA,NA,NA,NA,NA,NA,NA,NA,NA,NA,NA,NA,30.8,30.8,30.8,30.8,30.8,29.7,29.7,29.7,27.5,27.5,27.5,27.5,24.2,24.2,24.2,24.2,24.2,24.2,24.2,24.2,24.2,27.5,27.5,27.5,27.5,27.5,26.4,26.4,26.4,"Yes","Yes","No","No"
"125","KWT","KW","AS","Kuwait",50,50,55,55,55,55,55,55,55,55,55,55,55,55,55,55,55,55,NA,NA,NA,55,55,55,55,55,55,55,55,15,15,15,15,15,15,15,15,15,15,15,15,15,15,15,15,15,"No","No","No","No"
"126","LAO","LA","AS","Lao People's Democratic Republic",NA,NA,NA,NA,NA,NA,NA,NA,NA,NA,NA,NA,NA,NA,NA,NA,NA,NA,NA,NA,NA,NA,NA,NA,NA,NA,NA,NA,NA,35,35,35,28,24,24,24,24,24,24,24,24,20,20,20,20,20,"No",NA,NA,NA
"127","LBN","LB","AS","Lebanon",44,22,22,22,22,22,NA,NA,NA,NA,NA,26,NA,NA,NA,NA,10,10,10,10,10,15,15,NA,15,15,15,15,15,15,15,15,15,15,15,15,15,15,15,17,17,17,17,17,17,17,"No",NA,NA,NA
"128","LBR","LR","AF","Liberia",NA,NA,50,50,50,50,50,50,50,50,50,50,NA,NA,NA,NA,NA,NA,NA,NA,35,35,35,35,35,35,35,35,35,35,35,25,25,25,25,25,25,25,25,25,25,25,25,25,25,25,"Yes","No","No","No"
"129","LBY","LY","AF","Libya",NA,NA,NA,NA,NA,NA,NA,NA,NA,NA,NA,60,NA,NA,NA,NA,60,60,60,60,35,35,35,30.38,30.38,30.38,30.38,40,40,40,40,20,20,20,20,20,20,20,20,20,20,20,20,20,20,20,"No",NA,NA,NA
"130","LCA","LC","NO","Saint Lucia",NA,NA,NA,NA,NA,NA,NA,NA,NA,NA,33.3,33.3,33.3,33.3,33.3,33.3,33.3,33.3,33.3,NA,30,30,30,30,30,30,30,30,30,30,30,30,30,30,30,33.33,33.33,30,30,30,30,30,30,30,30,30,"No",NA,NA,NA
"131","LIE","LI","EU","Liechtenstein",NA,NA,NA,NA,15,15,15,15,15,15,15,15,15,15,15,15,15,15,15,15,15,15,15,20,20,20,20,20,20,20,15,12.5,12.5,12.5,12.5,12.5,12.5,12.5,12.5,12.5,12.5,12.5,12.5,12.5,12.5,15,"Yes","Yes","No","Yes"
"132","LKA","LK","AS","Sri Lanka",50,50,NA,NA,NA,NA,NA,NA,NA,NA,NA,50,NA,NA,NA,45,35,35,35,35,35,35,42,35,35,32.5,32.5,35,35,35,35,28,28,28,28,28,28,28,28,28,28,24,24,30,30,30,"No","No","No","No"
"133","LSO","LS","AF","Lesotho",37.5,NA,NA,NA,NA,NA,NA,NA,NA,NA,NA,NA,NA,NA,NA,NA,40,40,35,35,35,35,35,NA,35,35,35,25,25,25,25,25,25,25,25,25,25,25,25,25,25,25,25,25,25,25,"No",NA,NA,NA
"134","LTU","LT","EU","Lithuania",NA,NA,NA,NA,NA,NA,NA,NA,NA,NA,NA,NA,NA,29,29,29,29,29,29,29,29,24,24,15,15,15,15,15,15,20,15,15,15,15,15,15,15,15,15,15,15,15,15,15,15,15,"Yes","No","No","No"
"135","LUX","LU","EU","Luxembourg",NA,NA,NA,NA,NA,NA,NA,NA,NA,NA,NA,NA,NA,39.39,39.39,40.29,40.29,30.34,37.45,37.45,37.45,37.45,30.38,30.38,30.38,30.38,29.63,29.63,29.63,28.59,28.59,28.8,28.8,29.22,29.22,29.22,29.22,27.08,26.01,24.94,24.94,24.94,24.94,24.94,24.94,24.94,"Yes","Yes","No","Yes"
"136","LVA","LV","EU","Latvia",NA,NA,NA,NA,NA,NA,NA,NA,NA,NA,NA,NA,NA,NA,NA,25,25,25,25,25,25,25,22,19,15,15,15,15,15,15,15,15,15,15,15,15,15,15,20,20,20,20,20,20,20,20,"Yes","No","No","No"
"137","MAC","MO","AS","China, Macao Special Administrative Region",NA,NA,NA,NA,15,15,15,15,15,15,15,15,15,15,15,15,15,15,15,15,15,15,15,15,12,12,12,12,12,12,12,12,12,12,12,12,12,12,12,12,12,12,12,12,12,12,"No",NA,NA,NA
"138","MAF","MF","NO","Saint Martin (French Part)",NA,NA,NA,NA,NA,NA,NA,NA,NA,NA,NA,NA,NA,NA,NA,NA,NA,NA,NA,NA,NA,NA,NA,NA,NA,NA,NA,NA,NA,NA,NA,NA,NA,NA,NA,24.5,34.5,20,20,20,20,20,20,20,20,20,"No",NA,NA,NA
"139","MAR","MA","AF","Morocco",48,48,48,48,48,48,48,48,40,40,40,40,40,38,36,36,35,35,35,35,35,35,35,35,35,35,35,35,30,30,30,30,30,30,30,30,31,31,31,31,31,31,31,32,33,33,"No",NA,NA,NA
"140","MCO","MC","EU","Monaco",NA,NA,NA,NA,NA,NA,NA,NA,NA,NA,NA,NA,NA,NA,NA,NA,NA,NA,33.3,33.3,33.3,33.3,33.3,33.33,33.33,33.33,33.33,33.33,33.33,33.33,33.33,33.33,33.33,33.33,33.33,33.33,33.33,33.33,33.33,31,28,26.5,25,25,25,25,"No",NA,NA,NA
"141","MDA","MD","EU","Republic of Moldova",NA,NA,NA,NA,NA,NA,NA,NA,NA,NA,NA,NA,NA,NA,NA,NA,NA,NA,NA,NA,NA,NA,NA,NA,20,18,15,15,0,0,0,0,0,12,12,18,12,12,12,12,12,12,12,12,12,12,"No","No","No","No"
"142","MDG","MG","AF","Madagascar",NA,NA,NA,NA,NA,NA,NA,NA,NA,NA,NA,NA,NA,NA,NA,NA,NA,NA,NA,NA,NA,NA,NA,NA,NA,NA,NA,30,25,24,24,23,21,20,20,20,20,20,20,20,20,20,20,20,20,20,"No",NA,NA,NA
"143","MDV","MV","AS","Maldives",NA,NA,NA,NA,NA,NA,NA,NA,NA,NA,NA,NA,NA,NA,NA,NA,NA,NA,NA,NA,0,0,0,0,0,0,0,0,0,0,0,0,0,0,15,15,15,15,15,15,15,15,15,15,15,15,"No",NA,NA,NA
"144","MEX","MX","NO","Mexico",42,42,42,42,42,42,42,40.6,39.2,37,36,35,35,34.8,34,34,34,34,34,35,35,35,35,34,33,30,29,28,28,28,30,30,30,30,30,30,30,30,30,30,30,30,30,30,30,30,"Yes","No","No","No"
"145","MHL","MH","OC","Marshall Islands",NA,NA,NA,NA,NA,NA,NA,NA,NA,NA,NA,NA,NA,NA,NA,NA,NA,NA,NA,NA,NA,NA,NA,NA,NA,NA,NA,NA,NA,NA,NA,NA,NA,NA,NA,NA,NA,NA,NA,NA,NA,NA,NA,NA,NA,NA,"No",NA,NA,NA
"146","MKD","MK","EU","The former Yugoslav Republic of Macedonia",NA,NA,NA,NA,NA,NA,NA,NA,NA,NA,NA,NA,NA,NA,NA,NA,NA,NA,18,NA,15,15,15,15,15,15,15,12,10,10,10,10,10,10,10,10,10,10,10,10,10,10,10,10,10,10,"Yes","No","No","No"
"147","MLI","ML","AF","Mali",NA,NA,NA,NA,NA,NA,NA,NA,NA,NA,NA,NA,NA,NA,NA,NA,NA,NA,NA,NA,NA,NA,NA,NA,NA,NA,NA,NA,NA,NA,NA,35,35,30,30,30,30,30,30,30,30,30,30,30,30,30,"No",NA,NA,NA
"148","MLT","MT","EU","Malta",32.5,32.5,32.5,32.5,32.5,32.5,32.5,32.5,32.5,32.5,35,35,35,35,35,35,35,35,35,35,35,35,35,35,35,35,35,35,35,35,35,35,35,35,35,35,35,35,35,35,35,35,35,35,35,35,"Yes","No","No","No"
"149","MMR","MM","AS","Myanmar",NA,50,NA,NA,NA,NA,NA,NA,NA,NA,NA,NA,NA,NA,NA,NA,NA,NA,30,30,30,30,30,NA,30,30,NA,NA,NA,NA,NA,NA,NA,25,25,25,25,25,25,25,25,25,22,22,22,22,"No",NA,NA,NA
"150","MNE","ME","EU","Montenegro",NA,NA,NA,NA,NA,NA,NA,NA,NA,NA,NA,NA,NA,NA,NA,NA,NA,NA,NA,NA,20,20,20,20,9,9,9,9,9,9,9,9,9,9,9,9,9,9,9,9,9,9,15,15,15,15,"Yes","No","No","No"
"151","MNG","MN","AS","Mongolia",NA,NA,NA,NA,NA,NA,NA,NA,NA,NA,NA,NA,NA,NA,NA,NA,NA,NA,NA,NA,30,30,30,30,30,30,30,25,25,25,25,25,25,25,25,25,25,25,25,25,25,25,25,25,25,25,"Yes","No","No","No"
"152","MNP","MP","OC","Northern Mariana Islands",NA,NA,NA,NA,NA,NA,NA,NA,NA,NA,NA,NA,NA,NA,NA,NA,NA,NA,NA,NA,NA,NA,NA,NA,35,35,35,35,35,35,35,35,35,35,35,35,35,35,21,21,21,21,21,21,21,21,"No",NA,NA,NA
"153","MOZ","MZ","AF","Mozambique",NA,NA,NA,NA,NA,NA,NA,NA,NA,NA,NA,NA,NA,NA,NA,45,45,45,45,35,35,35,35,32,32,32,32,32,32,32,32,32,32,32,32,32,32,32,32,32,32,32,32,32,32,32,"No",NA,NA,NA
"154","MRT","MR","AF","Mauritania",NA,NA,NA,NA,NA,NA,NA,NA,NA,NA,NA,NA,NA,NA,NA,NA,NA,NA,NA,NA,0,0,0,0,20,20,25,25,25,25,25,25,25,25,25,25,25,25,25,25,25,25,25,25,25,25,"No",NA,NA,NA
"155","MSR","MS","NO","Montserrat",NA,NA,NA,NA,NA,NA,NA,NA,NA,NA,NA,NA,NA,NA,NA,NA,NA,NA,NA,NA,30,30,30,30,30,30,30,30,30,30,30,30,30,30,30,30,30,30,30,30,30,30,30,30,30,30,"No",NA,NA,NA
"156","MTQ","MQ","NO","Martinique",NA,NA,NA,NA,NA,NA,NA,NA,NA,NA,NA,NA,NA,NA,NA,NA,NA,NA,NA,NA,NA,NA,NA,NA,NA,NA,NA,NA,NA,NA,NA,NA,NA,NA,NA,NA,NA,NA,NA,NA,NA,NA,NA,NA,NA,NA,"No",NA,NA,NA
"157","MUS","MU","AF","Mauritius",50,NA,NA,NA,NA,NA,NA,NA,35,35,35,35,35,35,35,35,35,35,35,35,35,25,25,25,25,25,25,22.5,15,15,15,15,15,15,15,15,15,15,15,15,15,15,15,15,15,15,"Yes","No","No","No"
"158","MWI","MW","AF","Malawi",45,45,45,50,50,50,50,50,50,50,50,45,40,35,35,35,38,38,38,38,38,38,35,NA,NA,30,30,30,30,30,30,30,30,30,30,30,30,30,30,30,30,30,30,30,30,30,"No",NA,NA,NA
"159","MYS","MY","AS","Malaysia",40,40,40,40,40,40,40,40,40,35,35,35,35,34,32,30,30,30,28,28,28,28,28,28,28,28,28,27,26,25,25,25,25,25,25,25,24,24,24,24,24,24,24,24,24,24,"Yes","No","No","No"
"160","MYT","YT","AF","Mayotte",NA,NA,NA,NA,NA,NA,NA,NA,NA,NA,NA,NA,NA,NA,NA,NA,NA,NA,NA,NA,NA,NA,NA,NA,NA,NA,NA,NA,NA,NA,NA,NA,NA,NA,NA,NA,NA,NA,NA,NA,NA,NA,NA,NA,NA,NA,"No",NA,NA,NA
"161","NAM",NA,"AF","Namibia",NA,NA,NA,NA,NA,NA,NA,NA,NA,NA,NA,40,40,40,38,35,35,35,35,35,35,35,35,35,35,35,35,35,35,35,35,34,34,33,33,33,32,32,32,32,32,32,32,32,32,32,"Yes","No","No","No"
"162","NCL","NC","OC","New Caledonia",NA,NA,NA,NA,NA,NA,NA,NA,NA,NA,NA,NA,NA,30,30,30,30,30,30,NA,NA,NA,NA,NA,NA,NA,NA,NA,NA,NA,NA,NA,NA,NA,NA,NA,NA,30,30,30,30,30,30,30,30,30,"No",NA,NA,NA
"163","NER","NE","AF","Niger",NA,NA,NA,NA,NA,NA,NA,NA,NA,NA,NA,NA,NA,NA,NA,NA,NA,NA,NA,NA,NA,NA,NA,NA,NA,NA,NA,NA,NA,NA,NA,30,30,30,30,30,30,30,30,30,30,30,30,30,30,30,"No",NA,NA,NA
"164","NFK","NF","OC","Norfolk Island",NA,NA,NA,NA,NA,NA,NA,NA,NA,NA,NA,NA,NA,NA,NA,NA,NA,NA,NA,NA,NA,NA,NA,NA,NA,NA,NA,NA,NA,NA,NA,NA,NA,NA,NA,NA,NA,NA,NA,NA,NA,NA,NA,NA,NA,NA,"No",NA,NA,NA
"165","NGA","NG","AF","Nigeria",45,45,45,45,45,45,45,40,40,40,40,40,35,35,35,35,30,30,30,30,30,30,30,30,30,30,30,30,30,30,30,30,30,30,30,30,30,30,30,30,30,30,30,30,30,30,"No","No","No","No"
"166","NIC","NI","NO","Nicaragua",50,50,40,40,40,40,40,NA,NA,NA,NA,NA,35.5,30,30,30,30,30,30,30,NA,25,25,NA,30,30,30,30,30,30,30,30,30,30,30,30,30,30,30,30,30,30,30,30,30,30,"No",NA,NA,NA
"167","NIU","NU","OC","Niue",NA,NA,NA,NA,NA,NA,NA,NA,NA,NA,NA,NA,NA,NA,NA,NA,NA,NA,NA,NA,NA,NA,NA,NA,NA,NA,NA,NA,NA,NA,NA,NA,NA,NA,NA,NA,NA,NA,NA,NA,30,30,30,30,30,30,"No",NA,NA,NA
"168","NLD","NL","EU","Netherlands",48,48,48,48,43,43,42,42,42,35,35,35,35,35,35,35,35,35,35,35,35,35,34.5,34.5,34.5,31.5,29.6,25.5,25.5,25.5,25.5,25,25,25,25,25,25,25,25,25,25,25,25.8,25.8,25.8,25.8,"Yes","Yes","No","Yes"
"169","NOR","NO","EU","Norway",NA,50.8,50.8,50.8,50.8,50.8,50.8,50.8,50.8,50.8,50.8,50.8,28,28,28,28,28,28,28,28,28,28,28,28,28,28,28,28,28,28,28,28,28,28,27,27,25,24,23,22,22,22,22,22,22,22,"Yes","Yes","No","Yes"
"170","NPL","NP","AS","Nepal",NA,NA,NA,NA,NA,NA,NA,NA,NA,NA,NA,NA,NA,NA,NA,NA,NA,NA,NA,NA,NA,NA,NA,NA,25,25,25,NA,NA,NA,25,25,25,25,25,25,25,25,25,25,25,25,25,25,25,25,"No",NA,NA,NA
"171","NRU","NR","OC","Nauru",NA,NA,NA,NA,NA,NA,NA,NA,NA,NA,NA,NA,NA,NA,NA,NA,NA,NA,NA,NA,NA,NA,NA,NA,NA,NA,NA,NA,NA,NA,NA,NA,NA,NA,NA,NA,NA,20,25,25,25,25,25,25,25,25,"No",NA,NA,NA
"172","NZL","NZ","OC","New Zealand",45,45,45,45,45,45,48,48,28,33,33,33,33,33,33,33,33,33,33,33,33,33,33,33,33,33,33,33,30,30,30,28,28,28,28,28,28,28,28,28,28,28,28,28,28,28,"Yes","No","No","No"
"173","OMN","OM","AS","Oman",50,50,50,50,50,50,50,50,50,50,50,50,50,50,50,50,50,50,30,30,30,12,12,12,12,12,12,12,12,12,12,12,12,12,12,12,12,12,15,15,15,15,15,15,15,15,"Yes","No","No","No"
"174","PAK","PK","AS","Pakistan",55,55,55,55,55,55,55,55,55,60,45,50,55,52,49,46,46,46,40,45.15,45.15,45.15,45,35,35,35,35,35,35,35,35,35,35,35,34,33,32,31,30,29,29,29,29,29,29,29,"No","No","No","No"
"175","PAN","PA","NO","Panama",50,50,50,50,50,50,50,50,50,50,50,47.5,45,42,34,34,34,30,30,30,37,37,37,30,30,30,30,30,30,30,27.5,25,25,25,25,25,25,25,25,25,25,25,25,25,25,25,"Yes","No","No","No"
"176","PCN","PN","OC","Pitcairn",NA,NA,NA,NA,NA,NA,NA,NA,NA,NA,NA,NA,NA,NA,NA,NA,NA,NA,NA,NA,NA,NA,NA,NA,NA,NA,NA,NA,NA,NA,NA,NA,NA,NA,NA,NA,NA,NA,NA,NA,NA,NA,NA,NA,NA,NA,"No",NA,NA,NA
"177","PER","PE","SA","Peru",55,55,55,55,55,55,40,35,35,35,35,30,30,30,30,30,30,30,30,30,30,30,30,27,30,30,30,30,30,30,30,30,30,30,30,30,28,29.5,29.5,29.5,29.5,29.5,29.5,29.5,29.5,29.5,"Yes","No","No","No"
"178","PHL","PH","AS","Philippines",35,35,35,35,35,35,35,35,35,35,35,35,35,35,35,35,35,35,34,33,32,32,32,32,32,32,35,35,35,30,30,30,30,30,30,30,30,30,30,30,30,25,25,25,25,25,"No","No","No","No"
"179","PLW","PW","OC","Palau",NA,NA,NA,NA,NA,NA,NA,NA,NA,NA,NA,NA,NA,NA,NA,NA,NA,NA,NA,NA,NA,NA,NA,NA,NA,NA,NA,NA,NA,NA,NA,NA,NA,NA,NA,NA,NA,NA,NA,NA,NA,NA,NA,NA,NA,NA,"No",NA,NA,NA
"180","PNG","PG","OC","Papua New Guinea",36.5,36.5,36.5,36.5,35,35,35,35,35,30,30,30,30,25,25,25,25,25,25,25,25,25,25,30,30,30,30,30,30,30,30,30,30,30,30,30,30,30,30,30,30,30,30,30,30,30,"Yes","No","No","No"
"181","POL","PL","EU","Poland",NA,NA,NA,NA,NA,NA,NA,NA,NA,NA,NA,40,40,40,40,40,40,38,36,34,30,28,28,27,19,19,19,19,19,19,19,19,19,19,19,19,19,19,19,19,19,19,19,19,19,19,"Yes","No","No","No"
"182","PRI","PR","NO","Puerto Rico",22,22,20,22,22,22,22,22,22,22,22,22,22,22,22,19,20,20,20,20,NA,39,39,NA,39,39,39,39,39,39,39,39,30,30,39,39,39,39,39,37.5,37.5,37.5,37.5,37.5,37.5,37.5,"No","No","No","No"
"183","PRK","KP","AS","Democratic People's Republic of Korea",NA,NA,NA,NA,NA,NA,NA,NA,NA,NA,NA,NA,NA,NA,NA,NA,NA,NA,NA,NA,NA,NA,NA,NA,NA,NA,NA,NA,NA,NA,NA,NA,NA,NA,NA,NA,NA,NA,NA,NA,NA,NA,NA,NA,NA,NA,"No",NA,NA,NA
"184","PRT","PT","EU","Portugal",NA,48.96,50.72,55.12,55.12,55.12,50.28,48.08,48.08,40.15,40.15,39.6,39.6,39.6,39.6,39.6,39.6,37.4,37.4,37.4,35.2,35.2,33,33,27.5,27.5,27.5,26.5,26.5,26.5,26.5,28.5,31.5,31.5,31.5,29.5,29.5,29.5,31.5,31.5,31.5,31.5,31.5,31.5,31.5,31.5,"Yes","Yes","No","Yes"
"185","PRY","PY","SA","Paraguay",30,30,30,30,30,30,30,30,30,30,30,30,30,30,30,30,30,30,30,30,30,30,30,30,30,20,10,10,10,10,10,10,10,10,10,10,10,10,10,10,10,10,10,10,10,10,"Yes","No","No","No"
"186","PSE","PS","AS","State of Palestine",NA,NA,NA,NA,NA,NA,NA,NA,NA,NA,NA,NA,NA,NA,NA,NA,NA,NA,NA,NA,NA,NA,NA,NA,20,20,15,15,15,15,15,15,15,15,15,15,15,15,15,15,15,15,15,15,15,15,"No",NA,NA,NA
"187","PYF","PF","OC","French Polynesia",NA,NA,NA,NA,NA,NA,NA,NA,NA,NA,NA,NA,NA,NA,NA,NA,NA,NA,45,NA,NA,NA,NA,NA,NA,NA,NA,NA,NA,NA,NA,NA,NA,NA,NA,NA,NA,28,27,27,27,27,25,25,25,25,"No",NA,NA,NA
"188","QAT","QA","AS","Qatar",NA,NA,50,50,50,50,50,50,50,50,50,50,50,50,35,35,35,35,35,35,35,35,35,35,35,35,35,35,35,35,10,10,10,10,10,10,10,10,10,10,10,10,10,10,10,10,"Yes","No","No","No"
"189","REU","RE","AF","Reunion",NA,NA,NA,NA,NA,NA,NA,NA,NA,NA,NA,NA,NA,NA,NA,NA,NA,NA,NA,NA,NA,NA,NA,NA,NA,NA,NA,NA,NA,NA,NA,NA,NA,NA,NA,NA,NA,NA,NA,NA,NA,NA,NA,NA,NA,NA,"No",NA,NA,NA
"190","ROU","RO","EU","Romania",NA,NA,NA,NA,NA,NA,NA,NA,NA,NA,NA,NA,NA,45,45,38,38,38,38,38,38,25,25,25,25,16,16,16,16,16,16,16,16,16,16,16,16,16,16,16,16,16,16,16,16,16,"Yes","Yes","No","Yes"
"191","RUS","RU","EU","Russian Federation",NA,NA,NA,NA,NA,NA,NA,NA,NA,NA,35,30,32,32,35,35,35,35,35,35,35,35,24,24,24,24,24,24,24,20,20,20,20,20,20,20,20,20,20,20,20,20,20,20,20,20,"No",NA,NA,NA
"192","RWA","RW","AF","Rwanda",NA,NA,NA,NA,NA,NA,NA,NA,NA,NA,NA,NA,NA,NA,NA,NA,NA,NA,NA,NA,NA,NA,NA,NA,35,35,35,30,30,30,30,30,30,30,30,30,30,30,30,30,30,30,30,30,28,28,"No",NA,NA,NA
"193","SAU","SA","AS","Saudi Arabia",45,45,45,45,45,45,45,45,45,45,45,45,45,45,45,45,45,45,45,45,45,30,30,30,30,30,20,20,20,20,20,20,20,20,20,20,20,20,20,20,20,20,20,20,20,20,"Yes","No","No","No"
"194","SDN","SD","AF","Sudan",NA,NA,NA,NA,NA,NA,NA,NA,NA,NA,NA,45,NA,NA,NA,60,60,60,60,60,40,40,40,35,35,35,35,30,15,15,15,35,35,35,35,35,35,35,35,35,35,35,35,35,35,35,"No",NA,NA,NA
"195","SEN","SN","AF","Senegal",NA,NA,33.3,33.3,33.3,33.3,33.3,33.3,33.3,33.3,35,35,35,35,35,35,35,35,35,35,35,35,35,35,35,33,33,25,25,25,25,25,25,30,30,30,30,30,30,30,30,30,30,30,30,30,"Yes","No","No","No"
"196","SGP","SG","AS","Singapore",40,40,40,40,40,40,40,33,33,33,32,31,31,30,27,27,26,26,26,26,26,25.5,24.5,22,22,20,20,20,18,18,17,17,17,17,17,17,17,17,17,17,17,17,17,17,17,17,"Yes","No","No","No"
"197","SGS","GS","AN","South Georgia and the South Sandwich Islands",NA,NA,NA,NA,NA,NA,NA,NA,NA,NA,NA,NA,NA,NA,NA,NA,NA,NA,NA,NA,NA,NA,NA,NA,NA,NA,NA,NA,NA,NA,NA,NA,NA,NA,NA,NA,NA,NA,NA,NA,NA,NA,NA,NA,NA,NA,"No",NA,NA,NA
"198","SHN","SH","AF","Saint Helena",NA,NA,NA,NA,NA,NA,NA,NA,NA,NA,NA,NA,NA,NA,NA,NA,NA,NA,NA,NA,NA,NA,NA,NA,NA,NA,NA,NA,NA,NA,NA,NA,NA,NA,NA,NA,NA,NA,NA,25,25,25,25,25,25,25,"No",NA,NA,NA
"199","SJM","SJ","EU","Svalbard and Jan Mayen Islands",NA,NA,NA,NA,NA,NA,NA,NA,NA,NA,NA,NA,NA,NA,NA,NA,NA,NA,NA,NA,NA,NA,NA,NA,NA,NA,NA,NA,NA,NA,NA,NA,NA,NA,NA,NA,NA,NA,NA,NA,NA,NA,NA,NA,NA,NA,"No",NA,NA,NA
"200","SLB","SB","OC","Solomon Islands",35,35,35,35,35,35,35,35,35,35,35,35,35,35,35,35,35,35,35,NA,NA,35,35,NA,NA,NA,NA,NA,NA,NA,30,30,30,30,30,30,30,30,30,30,30,30,30,30,30,30,"No",NA,NA,NA
"201","SLE","SL","AF","Sierra Leone",NA,45,NA,NA,NA,NA,NA,NA,NA,NA,NA,NA,NA,NA,NA,47.2,47.2,47.2,47.2,47.2,45,45,45,0,0,0,0,0,0,0,0,0,0,0,30,30,30,30,30,30,30,30,25,25,25,25,"Yes","No","No","No"
"202","SLV","SV","NO","El Salvador",30,30,30,30,30,30,30,35,35,35,30,30,25,25,25,25,25,25,25,25,25,25,25,25,25,25,25,25,25,25,25,25,30,30,30,30,30,30,30,30,30,30,30,30,30,30,"No",NA,NA,NA
"203","SMR","SM","EU","San Marino",NA,NA,NA,NA,NA,NA,NA,NA,NA,NA,NA,NA,NA,NA,NA,NA,NA,NA,NA,NA,24,24,24,24,24,19,19,17,17,17,17,17,17,17,17,17,17,17,17,17,17,17,17,17,17,17,"No",NA,NA,NA
"204","SOM","SO","AF","Somalia",NA,NA,NA,NA,NA,NA,NA,NA,NA,NA,NA,NA,NA,NA,NA,NA,NA,NA,NA,NA,NA,NA,NA,NA,NA,NA,NA,NA,NA,NA,NA,NA,NA,NA,NA,NA,NA,NA,NA,NA,NA,NA,NA,NA,NA,NA,"No",NA,NA,NA
"205","SPM","PM","NO","Saint Pierre and Miquelon",NA,NA,NA,NA,NA,NA,NA,NA,NA,NA,NA,NA,NA,NA,NA,NA,NA,NA,NA,NA,NA,NA,NA,NA,NA,NA,NA,NA,NA,NA,NA,NA,NA,NA,NA,NA,NA,NA,NA,NA,NA,NA,NA,NA,NA,NA,"No",NA,NA,NA
"206","SRB","RS","EU","Serbia",NA,NA,NA,NA,NA,NA,NA,NA,NA,NA,NA,NA,NA,NA,NA,NA,NA,NA,NA,NA,20,20,20,14,12.33,10,10,10,10,10,10,10,10,15,15,15,15,15,15,15,15,15,15,15,15,15,"Yes","No","No","No"
"207","SSD","SS","AF","South Sudan",NA,NA,NA,NA,NA,NA,NA,NA,NA,NA,NA,NA,NA,NA,NA,NA,NA,NA,NA,NA,NA,NA,NA,NA,NA,NA,NA,NA,NA,NA,NA,NA,NA,NA,20,20,20,25,25,25,25,25,30,30,30,30,"No",NA,NA,NA
"208","STP","ST","AF","Sao Tome and Principe",NA,NA,NA,NA,NA,NA,NA,NA,NA,NA,NA,NA,NA,NA,NA,NA,NA,NA,NA,NA,NA,NA,NA,NA,NA,NA,NA,NA,NA,NA,NA,NA,NA,NA,NA,25,25,25,25,25,25,25,25,25,25,25,"No",NA,NA,NA
"209","SUR","SR","SA","Suriname",NA,NA,NA,NA,NA,NA,NA,NA,NA,NA,NA,NA,NA,NA,NA,45,45,38,38,38,38,38,36,NA,36,36,NA,NA,NA,NA,NA,NA,NA,36,34.5,34.5,36,36,36,36,36,36,36,36,36,36,"No",NA,NA,NA
"210","SVK","SK","EU","Slovakia",NA,NA,NA,NA,NA,NA,NA,NA,NA,NA,NA,NA,NA,45,40,40,40,40,40,40,29,29,25,25,19,19,19,19,19,19,19,19,19,23,22,22,22,21,21,21,21,21,21,21,21,21,"Yes","No","No","Yes"
"211","SVN","SI","EU","Slovenia",NA,NA,NA,NA,NA,NA,NA,NA,NA,NA,NA,NA,NA,NA,NA,NA,30,25,25,25,25,25,25,25,25,25,25,23,22,21,20,20,18,17,17,17,17,19,19,19,19,19,19,19,22,22,"Yes","Yes","No","Yes"
"212","SWE","SE","EU","Sweden",NA,57.8,57.8,58.1,56.6,56.6,56.6,56.6,56.6,60.1,53,30,30,30,28,28,28,28,28,28,28,28,28,28,28,28,28,28,28,26.3,26.3,26.3,26.3,22,22,22,22,22,22,21.4,21.4,20.6,20.6,20.6,20.6,20.6,"Yes","Yes","No","Yes"
"213","SWZ","SZ","AF","Swaziland",37.5,NA,NA,NA,NA,NA,NA,NA,NA,NA,NA,37.5,37.5,37.5,37.5,37.5,37.5,37.5,37.5,37.5,37.5,37.5,30,30,30,30,30,30,30,30,30,30,30,30,27.5,27.5,27.5,27.5,28,27.5,27.5,27.5,27.5,27.5,25,25,"Yes","No","No","No"
"214","SXM","SX","NO","Sint Maarten (Dutch part)",NA,NA,NA,NA,NA,NA,NA,NA,NA,NA,NA,NA,NA,NA,NA,NA,NA,NA,NA,NA,NA,NA,NA,NA,NA,NA,NA,NA,NA,NA,NA,34.5,34.5,34.5,34.5,34.5,34.5,34.5,35,35,35,35,34.5,34.5,34.5,34.5,"No",NA,NA,NA
"215","SYC","SC","AF","Seychelles",35,NA,NA,NA,NA,NA,NA,NA,NA,NA,NA,NA,NA,NA,NA,NA,NA,NA,NA,NA,40,40,40,40,40,40,40,40,40,40,33,33,33,30,30,30,30,30,30,30,30,30,25,25,25,25,"No",NA,NA,NA
"216","SYR","SY","AS","Syrian Arab Republic",NA,NA,NA,NA,NA,NA,NA,NA,NA,NA,NA,NA,NA,NA,45,NA,50,50,50,50,NA,NA,NA,35,35,35,35,28,28,28,28,28,28,28,28,28,28,28,28,28,28,28,28,28,25,25,"No",NA,NA,NA
"217","TCA","TC","NO","Turks and Caicos Islands",NA,NA,NA,NA,NA,NA,NA,NA,NA,NA,NA,NA,NA,NA,NA,NA,NA,NA,NA,NA,0,0,0,0,0,0,0,0,0,0,0,0,0,0,0,0,0,0,0,0,0,0,0,0,0,0,"No",NA,NA,NA
"218","TCD","TD","AF","Chad",NA,NA,NA,NA,NA,NA,NA,NA,NA,NA,NA,NA,NA,NA,NA,NA,NA,NA,NA,NA,NA,NA,NA,NA,NA,NA,NA,NA,NA,NA,NA,40,40,40,40,40,35,35,35,35,35,35,35,35,35,35,"No",NA,NA,NA
"219","TGO","TG","AF","Togo",NA,NA,NA,NA,NA,NA,NA,NA,NA,NA,NA,NA,NA,NA,NA,NA,NA,NA,NA,NA,0,0,0,0,0,0,0,0,0,0,0,0,0,0,0,29,29,29,28,28,27,27,27,27,27,27,"No",NA,NA,NA
"220","THA","TH","AS","Thailand",35,35,30,30,30,30,30,30,30,30,30,30,30,30,30,30,30,30,30,30,30,30,30,30,30,30,30,30,30,30,30,30,23,20,20,20,20,20,20,20,20,20,20,20,20,20,"Yes","No","No","No"
"221","TJK","TJ","AS","Tajikistan",NA,NA,NA,NA,NA,NA,NA,NA,NA,NA,NA,NA,NA,NA,NA,NA,NA,NA,NA,NA,NA,NA,NA,NA,NA,NA,NA,NA,NA,NA,25,25,25,25,25,25,24,23,23,23,23,23,18,18,18,18,"No",NA,NA,NA
"222","TKL","TK","OC","Tokelau",NA,NA,NA,NA,NA,NA,NA,NA,NA,NA,NA,NA,NA,NA,NA,NA,NA,NA,NA,NA,NA,NA,NA,NA,NA,NA,NA,NA,NA,NA,NA,NA,NA,NA,NA,NA,NA,NA,NA,0,0,0,0,0,0,0,"No",NA,NA,NA
"223","TKM","TM","AS","Turkmenistan",NA,NA,NA,NA,NA,NA,NA,NA,NA,NA,NA,NA,NA,NA,NA,NA,NA,NA,NA,NA,NA,30,30,30,30,25,NA,NA,NA,NA,8,8,8,8,8,8,8,8,8,8,8,8,8,8,8,8,"No",NA,NA,NA
"224","TLS","TL","OC","Timor-Leste",NA,NA,NA,NA,NA,NA,NA,NA,NA,NA,NA,NA,NA,NA,NA,NA,NA,NA,NA,NA,NA,NA,NA,NA,NA,NA,NA,NA,NA,NA,NA,NA,10,10,10,10,10,10,10,10,10,10,10,10,10,10,"No",NA,NA,NA
"225","TON","TO","OC","Tonga",NA,NA,NA,NA,NA,NA,NA,NA,NA,NA,NA,NA,NA,NA,NA,NA,NA,NA,NA,NA,NA,NA,NA,NA,NA,NA,NA,NA,NA,NA,NA,NA,NA,NA,NA,25,25,25,25,25,25,25,25,25,25,25,"No",NA,NA,NA
"226","TTO","TT","NO","Trinidad and Tobago",45,45,45,45,45,45,45,45,40,45,40,40,40,45,45,38,35,35,35,35,35,35,35,35,30,30,30,25,25,25,25,25,25,25,25,25,25,30,30,30,30,30,30,30,30,30,"Yes","No","No","No"
"227","TUN","TN","AF","Tunisia",NA,NA,NA,NA,NA,NA,NA,NA,NA,NA,NA,NA,NA,NA,NA,35,35,35,35,35,35,35,35,35,35,35,35,30,30,30,30,30,30,30,25,25,25,25,25,25,25,15,15,15,15,15,"Yes","No","No","No"
"228","TUR","TR","AS","Turkey",NA,NA,NA,NA,NA,NA,NA,NA,NA,NA,NA,NA,NA,49.22,42.8,44,44,44,44,33,33,33,33,30,33,30,20,20,20,20,20,20,20,20,20,20,20,20,22,22,22,20,23,25,25,25,"Yes","Yes","No","Yes"
"229","TUV","TV","OC","Tuvalu",NA,NA,NA,NA,NA,NA,NA,NA,NA,NA,NA,NA,NA,NA,NA,NA,NA,NA,NA,NA,NA,NA,NA,NA,NA,NA,NA,NA,NA,NA,NA,NA,NA,NA,NA,NA,NA,NA,NA,NA,NA,NA,NA,NA,NA,NA,"No",NA,NA,NA
"230","TWN","TW","AS","Taiwan",35,35,35,35,35,30,25,25,25,25,25,25,25,25,25,25,25,25,25,25,25,25,25,25,25,25,25,25,25,25,17,17,17,17,17,17,17,17,20,20,20,20,20,20,20,20,"No","No","No","No"
"231","TZA","TZ","AF","United Republic of Tanzania",50,50,50,50,50,50,50,50,50,50,50,50,45,35,35,35,35,35,30,30,30,30,30,NA,30,30,30,30,30,30,30,30,30,30,30,30,30,30,30,30,30,30,30,30,30,30,"No",NA,NA,NA
"232","UGA","UG","AF","Uganda",NA,NA,NA,NA,NA,NA,NA,NA,NA,NA,NA,40,40,35,30,30,30,30,30,30,30,30,30,30,30,30,30,30,30,30,30,30,30,30,30,30,30,30,30,30,30,30,30,30,30,30,"No",NA,NA,NA
"233","UKR","UA","EU","Ukraine",NA,NA,NA,NA,NA,NA,NA,NA,NA,NA,NA,NA,NA,NA,NA,22,30,30,30,30,30,30,30,30,25,25,25,25,25,25,25,25,21,19,18,18,18,18,18,18,18,18,18,18,18,18,"Yes","No","No","No"
"234","UMI","UM","OC","United States Minor Outlying Islands",NA,NA,NA,NA,NA,NA,NA,NA,NA,NA,NA,NA,NA,NA,NA,NA,NA,NA,NA,NA,NA,NA,NA,NA,NA,NA,NA,NA,NA,NA,NA,NA,NA,NA,NA,NA,NA,NA,NA,NA,NA,NA,NA,NA,NA,NA,"No",NA,NA,NA
"235","URY","UY","SA","Uruguay",25,25,25,25,30,30,30,30,30,30,30,30,30,30,30,30,30,30,30,30,30,30,30,35,30,30,30,30,25,25,25,25,25,25,25,25,25,25,25,25,25,25,25,25,25,25,"Yes","No","No","No"
"236","USA","US","NO","United States of America",49.699,49.699,49.699,49.834,49.7854,49.7854,49.8232,44.176,38.5936,38.6662,38.653,38.851,38.8642,39.7515,39.6865,39.6085,39.5305,39.4525,39.4395,39.394,39.34,39.27,39.3,39.3225,39.316,39.29,39.303,39.2705,39.251,39.16,39.2055,39.1925,39.134,39.0495,39.0755,38.9975,38.923934,38.906474,25.83858,25.886141,25.766571,25.754568,25.808,25.768,25.631375,25.631375,"Yes","No","No","No"
"237","UZB","UZ","AS","Uzbekistan",NA,NA,NA,NA,NA,NA,NA,NA,NA,NA,NA,NA,NA,NA,NA,NA,NA,NA,35,33,33,33,33,33,20,18,15,10,10,10,9,9,9,9,8,7.5,7.5,7.5,14,12,15,15,15,15,15,15,"Yes","No","No","No"
"238","VAT","VA","EU","Holy See",NA,NA,NA,NA,NA,NA,NA,NA,NA,NA,NA,NA,NA,NA,NA,NA,NA,NA,NA,NA,NA,NA,NA,NA,NA,NA,NA,NA,NA,NA,NA,NA,NA,NA,NA,NA,NA,NA,NA,NA,NA,NA,NA,NA,NA,NA,"No",NA,NA,NA
"239","VCT","VC","NO","Saint Vincent and the Grenadines",NA,NA,NA,NA,NA,NA,NA,NA,NA,NA,NA,45,30,NA,NA,NA,NA,NA,40,NA,40,40,40,40,40,40,40,37.5,35,32.5,32.5,32.5,32.5,32.5,32.5,32.5,32.5,32.5,33,30,30,30,30,28,28,28,"No",NA,NA,NA
"240","VEN","VE","SA","Venezuela (Bolivarian Republic of)",50,50,50,50,50,50,50,50,50,50,50,50,30,30,30,34,34,34,34,34,34,34,34,34,34,34,34,34,34,34,34,34,34,34,34,34,34,34,34,34,34,34,34,34,34,34,"No",NA,NA,NA
"241","VGB","VG","NO","British Virgin Islands",NA,NA,NA,NA,15,15,15,15,15,15,15,15,15,15,15,15,15,15,15,15,15,15,15,15,15,15,0,0,0,0,0,0,0,0,0,0,0,0,0,0,0,0,0,0,0,0,"Yes","No","No","No"
"242","VIR","VI","NO","United States Virgin Islands",NA,NA,NA,NA,NA,NA,NA,NA,NA,NA,NA,NA,NA,NA,NA,NA,NA,NA,NA,NA,38.5,38.5,38.5,NA,38.5,38.5,38.5,38.5,38.5,38.5,38.5,38.5,38.5,38.5,38.5,38.5,38.5,38.5,23.1,23.1,23.1,23.1,23.1,23.1,23.1,23.1,"No",NA,NA,NA
"243","VNM","VN","AS","Viet Nam",NA,NA,NA,NA,NA,NA,NA,NA,NA,NA,NA,NA,NA,25,25,25,25,25,25,32,32,32,32,32,28,28,28,28,28,25,25,25,25,25,22,22,22,20,20,20,20,20,20,20,20,20,"Yes","Yes","No","Yes"
"244","VUT","VU","OC","Vanuatu",0,0,0,0,0,0,0,0,0,0,0,0,0,0,0,0,0,0,0,0,0,0,NA,NA,NA,NA,NA,NA,NA,NA,0,0,0,0,0,0,0,0,0,0,0,0,0,0,0,0,"No",NA,NA,NA
"245","WLF","WF","OC","Wallis and Futuna Islands",NA,NA,NA,NA,NA,NA,NA,NA,NA,NA,NA,NA,NA,NA,NA,NA,NA,NA,NA,NA,NA,NA,NA,NA,NA,NA,NA,NA,NA,NA,NA,NA,NA,NA,0,0,0,0,0,0,0,0,0,0,0,0,"No",NA,NA,NA
"246","WSM","WS","OC","Samoa",42,42,42,42,42,42,42,39,39,39,39,39,39,39,39,39,39,39,39,39,39,35,35,29,29,29,29,27,27,27,27,27,27,27,27,27,27,27,27,27,27,27,27,27,27,27,"No",NA,NA,NA
"247","XKX","XK","EU","Kosovo, Republic of",NA,NA,NA,NA,NA,NA,NA,NA,NA,NA,NA,NA,NA,NA,NA,NA,NA,NA,NA,NA,NA,NA,NA,NA,NA,NA,NA,NA,NA,NA,NA,NA,NA,NA,10,10,10,10,10,10,10,10,10,10,10,10,"No","No","No","No"
"248","YEM","YE","AS","Yemen",NA,NA,NA,NA,NA,NA,NA,NA,NA,NA,NA,NA,NA,NA,NA,36,36,32,32,35,35,35,35,35,35,35,35,35,35,35,35,20,20,20,20,20,20,20,20,20,20,20,20,20,20,20,"No",NA,NA,NA
"249","ZAF","ZA","AF","South Africa",42,40,40,42,42,50,50,50,50,50,50,50,48,NA,NA,NA,NA,NA,NA,NA,37.8,37.8,37.8,37.8,37.8,37.8,36.89,36.89,34.55,34.55,34.55,34.55,34.55,28,28,28,28,28,28,28,28,28,28,27,27,27,"Yes","Yes","No","Yes"
"250","ZMB","ZM","AF","Zambia",48,48,50,45,45,50,50,45,45,45,45,45,40,40,35,35,35,35,35,35,35,35,35,35,35,35,35,35,35,35,35,35,35,35,35,35,35,35,35,35,35,35,30,30,30,30,"Yes","No","No","No"
"251","ZWE","ZW","AF","Zimbabwe",45,45,45,45,45,45,45,45,45,50,50,50,45,42.5,42.5,40,37.5,37.5,37.5,35,35,35,30,30.9,30.9,30.9,30.9,30.9,30.9,30.9,25.75,25.75,25.75,25.75,25.75,25.75,25.75,25.75,25.75,25.75,24.72,24.72,24.72,24.72,24.72,24.72,"No","No","No","Yes"
